{"cameraMode":{"drawMode":0,"name":"Shaded","section":"Shading Mode"},"sceneLighting":true,"audioPlay":false,"sceneViewState":{"showFog":true,"showMaterialUpdate":false,"showSkybox":true,"showFlares":true,"showImageEffects":true,"showParticleSystems":true},"in2DMode":false,"pivot":{"x":1.8395249843597413,"y":2.6084110736846926,"z":-1.8820819854736329},"rotation":{"x":-0.0360877551138401,"y":0.10831223428249359,"z":-0.0039344788528978828,"w":-0.9934545159339905},"size":10.0,"orthographic":false}