{"cameraMode":{"drawMode":0,"name":"Shaded","section":"Shading Mode"},"sceneLighting":true,"audioPlay":false,"sceneViewState":{"showFog":true,"showMaterialUpdate":false,"showSkybox":true,"showFlares":true,"showImageEffects":true,"showParticleSystems":true},"in2DMode":false,"pivot":{"x":2.119999885559082,"y":2.8299999237060549,"z":0.03999999910593033},"rotation":{"x":-0.0751568153500557,"y":-0.9044669270515442,"z":0.1786298006772995,"w":-0.38037821650505068},"size":52.84304428100586,"orthographic":false}