{"cameraMode":{"drawMode":0,"name":"Shaded","section":"Shading Mode"},"sceneLighting":true,"audioPlay":false,"sceneViewState":{"showFog":true,"showMaterialUpdate":false,"showSkybox":true,"showFlares":true,"showImageEffects":true,"showParticleSystems":true},"in2DMode":false,"pivot":{"x":-0.7370986938476563,"y":0.9401295185089111,"z":-0.07772445678710938},"rotation":{"x":0.11586509644985199,"y":0.6991738677024841,"z":-0.11642217636108399,"w":0.6958284974098206},"size":233.34524536132813,"orthographic":false}