{"cameraMode":{"drawMode":0,"name":"Shaded","section":"Shading Mode"},"sceneLighting":true,"audioPlay":false,"sceneViewState":{"showFog":true,"showMaterialUpdate":false,"showSkybox":true,"showFlares":true,"showImageEffects":true,"showParticleSystems":true},"in2DMode":false,"pivot":{"x":2.5814294815063478,"y":1.9838812351226807,"z":-7.378813743591309},"rotation":{"x":0.04603582248091698,"y":-0.07724553346633911,"z":-0.0035832873545587065,"w":-0.9959627389907837},"size":5.347517013549805,"orthographic":false}