{"cameraMode":{"drawMode":0,"name":"Shaded","section":"Shading Mode"},"sceneLighting":false,"audioPlay":false,"sceneViewState":{"showFog":true,"showMaterialUpdate":false,"showSkybox":false,"showFlares":true,"showImageEffects":true,"showParticleSystems":true},"in2DMode":false,"pivot":{"x":-0.14300000667572022,"y":-0.15000003576278687,"z":0.3889999985694885},"rotation":{"x":0.3793986439704895,"y":0.5478052496910095,"z":-0.305616557598114,"w":0.6802592873573303},"size":82.82592010498047,"orthographic":false}