{"cameraMode":{"drawMode":0,"name":"Shaded","section":"Shading Mode"},"sceneLighting":true,"audioPlay":false,"sceneViewState":{"showFog":true,"showMaterialUpdate":false,"showSkybox":true,"showFlares":true,"showImageEffects":true,"showParticleSystems":true},"in2DMode":false,"pivot":{"x":4.806818008422852,"y":1.4725817441940308,"z":-7.321085453033447},"rotation":{"x":0.08428845554590225,"y":-0.10888782888650894,"z":0.009266646578907967,"w":0.9904308319091797},"size":4.805730819702148,"orthographic":false}