{"cameraMode":{"drawMode":0,"name":"Shaded","section":"Shading Mode"},"sceneLighting":true,"audioPlay":false,"sceneViewState":{"showFog":true,"showMaterialUpdate":false,"showSkybox":true,"showFlares":true,"showImageEffects":true,"showParticleSystems":true},"in2DMode":false,"pivot":{"x":2.119999885559082,"y":2.8299999237060549,"z":0.03999999910593033},"rotation":{"x":-0.10077175498008728,"y":-0.8722118139266968,"z":0.2026628851890564,"w":-0.43364742398262026},"size":491.7633361816406,"orthographic":false}