{"cameraMode":{"drawMode":0,"name":"Shaded","section":"Shading Mode"},"sceneLighting":true,"audioPlay":false,"sceneViewState":{"showFog":true,"showMaterialUpdate":false,"showSkybox":true,"showFlares":true,"showImageEffects":true,"showParticleSystems":true},"in2DMode":false,"pivot":{"x":2.387305498123169,"y":3.2784841060638429,"z":2.6789937019348146},"rotation":{"x":0.02366587519645691,"y":0.16596949100494386,"z":0.003978267777711153,"w":-0.9858753681182861},"size":0.6676059365272522,"orthographic":true}