{"cameraMode":{"drawMode":0,"name":"Shaded","section":"Shading Mode"},"sceneLighting":true,"audioPlay":false,"sceneViewState":{"showFog":true,"showMaterialUpdate":false,"showSkybox":true,"showFlares":true,"showImageEffects":true,"showParticleSystems":true},"in2DMode":false,"pivot":{"x":2.582029342651367,"y":-1.0850856304168702,"z":-7.188248157501221},"rotation":{"x":-0.14145249128341676,"y":0.6813344955444336,"z":-0.13669507205486298,"w":-0.7050464153289795},"size":3.306166887283325,"orthographic":false}